USE `loan_platform`;

ALTER TABLE `apply_order`
  ADD COLUMN IF NOT EXISTS `user_name_md5` CHAR(32) DEFAULT NULL COMMENT 'Name MD5 for exact search',
  ADD COLUMN IF NOT EXISTS `work_city` VARCHAR(64) DEFAULT NULL COMMENT 'Working city',
  ADD COLUMN IF NOT EXISTS `gender` TINYINT DEFAULT NULL COMMENT 'Gender',
  ADD COLUMN IF NOT EXISTS `profession` TINYINT DEFAULT NULL COMMENT 'Profession',
  ADD COLUMN IF NOT EXISTS `zhima` INT DEFAULT NULL COMMENT 'Zhima score',
  ADD COLUMN IF NOT EXISTS `house` TINYINT DEFAULT NULL COMMENT 'House status',
  ADD COLUMN IF NOT EXISTS `vehicle` TINYINT DEFAULT NULL COMMENT 'Vehicle status',
  ADD COLUMN IF NOT EXISTS `vehicle_status` VARCHAR(32) DEFAULT NULL COMMENT 'Vehicle running status',
  ADD COLUMN IF NOT EXISTS `vehicle_value` VARCHAR(64) DEFAULT NULL COMMENT 'Vehicle value',
  ADD COLUMN IF NOT EXISTS `provident_fund` TINYINT DEFAULT NULL COMMENT 'Provident fund status',
  ADD COLUMN IF NOT EXISTS `social_security` TINYINT DEFAULT NULL COMMENT 'Social security status',
  ADD COLUMN IF NOT EXISTS `commercial_insurance` TINYINT DEFAULT NULL COMMENT 'Commercial insurance status',
  ADD COLUMN IF NOT EXISTS `overdue` TINYINT DEFAULT NULL COMMENT 'Overdue status',
  ADD COLUMN IF NOT EXISTS `loan_amount` INT DEFAULT NULL COMMENT 'Requested loan amount',
  ADD COLUMN IF NOT EXISTS `loan_time` INT DEFAULT NULL COMMENT 'Loan term',
  ADD COLUMN IF NOT EXISTS `customer_level` VARCHAR(32) DEFAULT NULL COMMENT 'Customer level',
  ADD COLUMN IF NOT EXISTS `settlement_price` DECIMAL(10,2) DEFAULT NULL COMMENT 'Winning settlement price',
  ADD COLUMN IF NOT EXISTS `follow_salesman` VARCHAR(64) DEFAULT NULL COMMENT 'Assigned salesman',
  ADD COLUMN IF NOT EXISTS `salesman_rating` TINYINT DEFAULT NULL COMMENT 'Salesman rating',
  ADD COLUMN IF NOT EXISTS `follow_remark` VARCHAR(255) DEFAULT NULL COMMENT 'Follow remark',
  ADD COLUMN IF NOT EXISTS `allocation_time` DATETIME DEFAULT NULL COMMENT 'Allocation time',
  ADD COLUMN IF NOT EXISTS `final_loan_amount` DECIMAL(10,2) DEFAULT NULL COMMENT 'Final loan amount';

ALTER TABLE `channel`
  ADD COLUMN IF NOT EXISTS `channel_id` VARCHAR(64) DEFAULT NULL COMMENT 'Business channel id',
  ADD COLUMN IF NOT EXISTS `channel_type` VARCHAR(64) DEFAULT NULL COMMENT 'Channel type',
  ADD COLUMN IF NOT EXISTS `business_owner` VARCHAR(64) DEFAULT NULL COMMENT 'Business owner',
  ADD COLUMN IF NOT EXISTS `daily_quota` INT NOT NULL DEFAULT 10000 COMMENT 'Daily quota',
  ADD COLUMN IF NOT EXISTS `normal_recommend` TINYINT NOT NULL DEFAULT 0 COMMENT 'Normal recommend flag',
  ADD COLUMN IF NOT EXISTS `display_product_count` INT NOT NULL DEFAULT 1 COMMENT 'Display product count',
  ADD COLUMN IF NOT EXISTS `actual_push_count` INT NOT NULL DEFAULT 1 COMMENT 'Actual push count',
  ADD COLUMN IF NOT EXISTS `method_name` VARCHAR(64) DEFAULT NULL COMMENT 'Method name',
  ADD COLUMN IF NOT EXISTS `callback_url` VARCHAR(255) DEFAULT NULL COMMENT 'Callback URL',
  ADD COLUMN IF NOT EXISTS `settlement_mode` VARCHAR(32) DEFAULT NULL COMMENT 'Settlement mode',
  ADD COLUMN IF NOT EXISTS `ext_json` TEXT DEFAULT NULL COMMENT 'Extension JSON',
  ADD COLUMN IF NOT EXISTS `updated_at` DATETIME NOT NULL DEFAULT CURRENT_TIMESTAMP ON UPDATE CURRENT_TIMESTAMP;

INSERT INTO `channel`
(`id`, `channel_id`, `channel_code`, `channel_name`, `channel_type`, `business_owner`, `daily_quota`, `normal_recommend`,
 `display_product_count`, `actual_push_count`, `method_name`, `app_key`, `ip_whitelist`, `callback_url`,
 `settlement_mode`, `ext_json`, `fee_rate`, `status`, `remark`)
VALUES
(
  20069,
  'CHN-20069',
  'n_20069',
  CONVERT(0xe4b990e58da1e4bc98e98089 USING utf8mb4),
  '全流程API-CPS',
  CONVERT(0xe8bf90e890a5e4b893e59198015f3031 USING utf8mb4),
  10000,
  0,
  1,
  1,
  'applyLoan',
  '6454A9AFCC693CAA',
  '127.0.0.1,10.0.0.1',
  'https://callback.jyfq.test/channel/n_20069',
  'CPA',
  '{"source":"seed","priority":1}',
  88.00,
  1,
  CONVERT(0xe5898de7abafe88194e8b083e6a0b7e4be8b USING utf8mb4)
),
(
  20070,
  'CHN-20070',
  'leka_01',
  CONVERT(0xe4b990e58da1e4b8ade5bf83 USING utf8mb4),
  '全流程API-CPS',
  CONVERT(0xe5bc80e58f91e4b893e5919801 USING utf8mb4),
  15000,
  1,
  3,
  2,
  'preCheckApply',
  'A1B2C3D4E5F60718',
  '192.168.1.10,127.0.0.1',
  'https://callback.jyfq.test/channel/leka_01',
  'CPA',
  '{"is_name":"1"}',
  66.00,
  1,
  CONVERT(0xe7acace4ba8ce69da1e6b58be8af95e6b8a0e98193 USING utf8mb4)
),
(
  20071,
  'CHN-20071',
  'heka_02',
  CONVERT(0xe59088e58da1e7a781e794b3 USING utf8mb4),
  '全流程API-CPA',
  CONVERT(0xe99480e594aee4b893e5919802 USING utf8mb4),
  8000,
  0,
  2,
  1,
  'creditApply',
  '1122334455667788',
  '172.16.1.8',
  'https://callback.jyfq.test/channel/heka_02',
  'CPA',
  '{"tag":"new-channel"}',
  52.00,
  0,
  CONVERT(0xe7a681e794a8e6b58be8af95e6b8a0e98193 USING utf8mb4)
)
ON DUPLICATE KEY UPDATE
  `channel_id` = VALUES(`channel_id`),
  `channel_name` = VALUES(`channel_name`),
  `channel_type` = VALUES(`channel_type`),
  `business_owner` = VALUES(`business_owner`),
  `daily_quota` = VALUES(`daily_quota`),
  `normal_recommend` = VALUES(`normal_recommend`),
  `display_product_count` = VALUES(`display_product_count`),
  `actual_push_count` = VALUES(`actual_push_count`),
  `method_name` = VALUES(`method_name`),
  `app_key` = VALUES(`app_key`),
  `ip_whitelist` = VALUES(`ip_whitelist`),
  `callback_url` = VALUES(`callback_url`),
  `settlement_mode` = VALUES(`settlement_mode`),
  `ext_json` = VALUES(`ext_json`),
  `fee_rate` = VALUES(`fee_rate`),
  `status` = VALUES(`status`),
  `remark` = VALUES(`remark`);

INSERT INTO `institution`
(`id`, `inst_code`, `inst_name`, `merchant_alias`, `merchant_type`, `api_push_url`, `api_notify_url`, `app_key`,
 `encrypt_type`, `notify_encrypt_type`, `timeout_ms`, `status`, `remark`)
VALUES
  (
    30001,
    'quickloan_b2',
    CONVERT(0xe5bfabe69893e8b4b74232 USING utf8mb4),
    CONVERT(0xe5bfabe69893e8b4b74232 USING utf8mb4),
    CONVERT(0xe69cbae69e84 USING utf8mb4),
    'http://127.0.0.1/mock/quickloan-b2',
    'http://127.0.0.1:8082/loan-app/api/notify/quickloan_b2',
    '1234567890abcdef',
    'AES',
    'PLAIN',
    3000,
    1,
    CONVERT(0xe5898de7abafe88194e8b083e6a0b7e4be8b USING utf8mb4)
  ),
  (
    30002,
    'quickloan_b1',
    CONVERT(0xe5bfabe69893e8b4b74231 USING utf8mb4),
    CONVERT(0xe5bfabe69893e8b4b74231 USING utf8mb4),
    CONVERT(0xe69cbae69e84 USING utf8mb4),
    'http://127.0.0.1/mock/quickloan-b1',
    'http://127.0.0.1:8082/loan-app/api/notify/quickloan_b1',
    '1234567890abcdef',
    'AES',
    'PLAIN',
    3000,
    1,
    CONVERT(0xe5898de7abafe88194e8b083e6a0b7e4be8b USING utf8mb4)
  )
ON DUPLICATE KEY UPDATE
  `inst_name` = VALUES(`inst_name`),
  `merchant_alias` = VALUES(`merchant_alias`),
  `merchant_type` = VALUES(`merchant_type`),
  `api_push_url` = VALUES(`api_push_url`),
  `api_notify_url` = VALUES(`api_notify_url`),
  `app_key` = VALUES(`app_key`),
  `encrypt_type` = VALUES(`encrypt_type`),
  `notify_encrypt_type` = VALUES(`notify_encrypt_type`),
  `timeout_ms` = VALUES(`timeout_ms`),
  `status` = VALUES(`status`),
  `remark` = VALUES(`remark`);

INSERT INTO `institution_product`
(`id`, `inst_id`, `product_name`, `min_age`, `max_age`, `min_amount`, `max_amount`, `city_mode`, `priority`, `status`)
VALUES
  (40001, 30001, CONVERT(0xe5bfabe69893e8b4b74232 USING utf8mb4), 18, 60, 1000, 200000, 0, 10, 1),
  (40002, 30002, CONVERT(0xe5bfabe69893e8b4b74231 USING utf8mb4), 18, 60, 1000, 200000, 0, 20, 1)
ON DUPLICATE KEY UPDATE
  `inst_id` = VALUES(`inst_id`),
  `product_name` = VALUES(`product_name`),
  `min_age` = VALUES(`min_age`),
  `max_age` = VALUES(`max_age`),
  `min_amount` = VALUES(`min_amount`),
  `max_amount` = VALUES(`max_amount`),
  `city_mode` = VALUES(`city_mode`),
  `priority` = VALUES(`priority`),
  `status` = VALUES(`status`);

INSERT INTO `apply_order`
(`id`, `order_no`, `channel_id`, `channel_code`, `inst_id`, `product_id`, `trace_id`, `phone_md5`, `phone_enc`, `id_card_enc`, `user_name`, `user_name_md5`,
 `age`, `city_code`, `work_city`, `gender`, `profession`, `zhima`, `house`, `vehicle`, `vehicle_status`, `vehicle_value`, `provident_fund`, `social_security`,
 `commercial_insurance`, `overdue`, `loan_amount`, `loan_time`, `customer_level`, `device_ip`, `order_status`, `settlement_price`, `follow_salesman`,
 `salesman_rating`, `follow_remark`, `allocation_time`, `final_loan_amount`, `created_at`, `updated_at`)
VALUES
  (
    900001, 'TEST20260414170734', 20069, 'n_20069', 30001, 40001, 'trace-test-0001', '9ecf1c103acf1a4b8db3894828bd7bbd',
    'jidojfJZ5BWdt9zGP7yIKQ==', 'lVtc1KXIEOlrSto5bezNEgvGo6izQpcvakrRBc12AmU=', 'Qo0oeizKrMoeIAV+OTgW5g==', '615db57aa314529aaa0fbe95b3e95bd3',
    35,
    '310000',
    CONVERT(0xe4b88ae6b5b7e5b8822fe4b88ae6b5b7e5b882 USING utf8mb4),
    1,
    3,
    580,
    1,
    1,
    CONVERT(0xe69caae79fa5 USING utf8mb4),
    CONVERT(0xe69caae79fa5 USING utf8mb4),
    1,
    2,
    2,
    1,
    80000,
    12,
    CONVERT(0x34e6989f USING utf8mb4),
    '127.0.0.1',
    3,
    88.00,
    'zz',
    4,
    CONVERT(0xe5aea2e688b7e8b584e8b4a8e8be83e5a5bdefbc8ce5b7b2e5ae8ce68890e88194e8b083e58886e9858d USING utf8mb4),
    '2026-04-14 17:08:00',
    68000.00,
    '2026-04-14 17:07:34',
    '2026-04-14 17:07:34'
  ),
  (
    900002, 'TEST20260414170700', 20069, 'n_20069', 30002, 40002, 'trace-test-0002', 'ca21d3b3a83842f885521936a56bc745',
    '0aR/W65fuWECmQ5CaixywA==', 'tDWSamNz+HdkUzgTKAdu+eFFOCCW6CQNngwbHIkObEU=', 'KM3W1W7FVZd5GXT6AxSuXw==', '36c942351ec9cc3ad124e288a5c9cf0b',
    32,
    '110000',
    CONVERT(0xe58c97e4baace5b8822fe58c97e4baace5b882 USING utf8mb4),
    2,
    1,
    630,
    2,
    1,
    CONVERT(0xe696b0e8bda6 USING utf8mb4),
    CONVERT(0x3135e4b8872b USING utf8mb4),
    2,
    1,
    1,
    1,
    90000,
    24,
    CONVERT(0x33e6989f USING utf8mb4),
    '127.0.0.1',
    2,
    66.00,
    'zz',
    3,
    CONVERT(0xe7ad89e5be85e4b88be6b8b8e69c80e7bb88e694bee6acbee59b9ee4bca0 USING utf8mb4),
    '2026-04-14 17:08:20',
    NULL,
    '2026-04-14 17:07:00',
    '2026-04-14 17:07:00'
  )
ON DUPLICATE KEY UPDATE
  `inst_id` = VALUES(`inst_id`),
  `product_id` = VALUES(`product_id`),
  `trace_id` = VALUES(`trace_id`),
  `phone_md5` = VALUES(`phone_md5`),
  `phone_enc` = VALUES(`phone_enc`),
  `id_card_enc` = VALUES(`id_card_enc`),
  `user_name` = VALUES(`user_name`),
  `user_name_md5` = VALUES(`user_name_md5`),
  `age` = VALUES(`age`),
  `city_code` = VALUES(`city_code`),
  `work_city` = VALUES(`work_city`),
  `gender` = VALUES(`gender`),
  `profession` = VALUES(`profession`),
  `zhima` = VALUES(`zhima`),
  `house` = VALUES(`house`),
  `vehicle` = VALUES(`vehicle`),
  `vehicle_status` = VALUES(`vehicle_status`),
  `vehicle_value` = VALUES(`vehicle_value`),
  `provident_fund` = VALUES(`provident_fund`),
  `social_security` = VALUES(`social_security`),
  `commercial_insurance` = VALUES(`commercial_insurance`),
  `overdue` = VALUES(`overdue`),
  `loan_amount` = VALUES(`loan_amount`),
  `loan_time` = VALUES(`loan_time`),
  `customer_level` = VALUES(`customer_level`),
  `device_ip` = VALUES(`device_ip`),
  `order_status` = VALUES(`order_status`),
  `settlement_price` = VALUES(`settlement_price`),
  `follow_salesman` = VALUES(`follow_salesman`),
  `salesman_rating` = VALUES(`salesman_rating`),
  `follow_remark` = VALUES(`follow_remark`),
  `allocation_time` = VALUES(`allocation_time`),
  `final_loan_amount` = VALUES(`final_loan_amount`),
  `updated_at` = VALUES(`updated_at`);

INSERT INTO `push_record`
(`id`, `order_id`, `order_no`, `channel_id`, `inst_id`, `inst_code`, `product_id`, `trace_id`, `request_id`, `third_order_no`, `push_status`, `error_msg`, `cost_ms`, `pushed_at`, `notify_at`)
VALUES
  (910001, 900001, 'TEST20260414170734', 20069, 30001, 'quickloan_b2', 40001, 'trace-test-0001', 'req-test-0001', 'third-test-0001', 3, NULL, 285, '2026-04-14 17:07:40', '2026-04-14 17:09:10'),
  (910002, 900002, 'TEST20260414170700', 20069, 30002, 'quickloan_b1', 40002, 'trace-test-0002', 'req-test-0002', 'third-test-0002', 2, NULL, 312, '2026-04-14 17:07:05', '2026-04-14 17:08:30')
ON DUPLICATE KEY UPDATE
  `third_order_no` = VALUES(`third_order_no`),
  `push_status` = VALUES(`push_status`),
  `error_msg` = VALUES(`error_msg`),
  `cost_ms` = VALUES(`cost_ms`),
  `pushed_at` = VALUES(`pushed_at`),
  `notify_at` = VALUES(`notify_at`);

SOURCE doc/sql/fix_order_seed_garbled.sql;
